{"result": {"mmse": [[4.0, [4.0, 0.49952333291371653]], [5.0, [5.0, 0.4993029161294301]], [6.0, [6.0, 0.49936416665713024]], [7.0, [7.0, 0.49923083206017815]], [8.0, [8.0, 0.4994341669480007]], [9.0, [9.0, 0.49917666594187426]], [10.0, [10.0, 0.4990920829772951]], [11.0, [11.0, 0.4995245830217999]]], "model": [[4.0, [4.0, 0.4946804173787439]], [5.0, [5.0, 0.49469583412011464]], [6.0, [6.0, 0.4954104165236156]], [7.0, [7.0, 0.4956462480624517]], [8.0, [8.0, 0.4944191670417787]], [9.0, [9.0, 0.4943145835399627]], [10.0, [10.0, 0.4937399979432424]], [11.0, [11.0, 0.49511458396911634]]]}, "params": {"N": 64, "K": 16, "L": 10, "SNR_dB_min": 4.0, "SNR_dB_max": 11.0, "seed": 1, "batch_size": 500, "modulation": "QAM_4", "correlation": false, "start_from": "", "data": false, "linear_name": "MMNet_iid", "denoiser_name": "featurous_nn_simplified", "loss_type": "mse", "use_correlated_H": true}}
{"result": {"mmse": [[4.0, [4.0, 0.49957833409309393]], [5.0, [5.0, 0.49952999790509556]], [6.0, [6.0, 0.5000295827786128]], [7.0, [7.0, 0.4998666683832804]], [8.0, [8.0, 0.4999370843172074]], [9.0, [9.0, 0.4996550011634826]], [10.0, [10.0, 0.49918624877929685]], [11.0, [11.0, 0.49941458205382017]]], "model": [[4.0, [4.0, 0.4943412512540818]], [5.0, [5.0, 0.49487208267052973]], [6.0, [6.0, 0.4937062501907352]], [7.0, [7.0, 0.49437291522820814]], [8.0, [8.0, 0.49529208223025023]], [9.0, [9.0, 0.49407166540622693]], [10.0, [10.0, 0.49509874999523173]], [11.0, [11.0, 0.4937341680129369]]]}, "params": {"N": 64, "K": 16, "L": 10, "SNR_dB_min": 4.0, "SNR_dB_max": 11.0, "seed": 1, "batch_size": 500, "modulation": "QAM_4", "correlation": false, "start_from": "", "data": false, "linear_name": "MMNet_iid", "denoiser_name": "featurous_nn_simplified", "loss_type": "mse", "use_correlated_H": true}}
{"result": {"mmse": [[4.0, [4.0, 0.49809499899546295]], [5.0, [5.0, 0.4987708326180774]], [6.0, [6.0, 0.49912291665871944]], [7.0, [7.0, 0.49871958235899616]], [8.0, [8.0, 0.49913458327452365]], [9.0, [9.0, 0.4988075007994969]], [10.0, [10.0, 0.49863791565100357]], [11.0, [11.0, 0.49873124917348244]]], "model": [[4.0, [4.0, 0.4886533319950104]], [5.0, [5.0, 0.4888554183642071]], [6.0, [6.0, 0.4885545818010968]], [7.0, [7.0, 0.4859262520074844]], [8.0, [8.0, 0.48650000333786014]], [9.0, [9.0, 0.4864495839675267]], [10.0, [10.0, 0.48754291613896694]], [11.0, [11.0, 0.48547291696071637]]]}, "params": {"N": 64, "K": 16, "L": 10, "SNR_dB_min": 4.0, "SNR_dB_max": 11.0, "seed": 1, "batch_size": 500, "modulation": "QAM_4", "correlation": false, "start_from": "", "data": false, "linear_name": "MMNet_iid", "denoiser_name": "featurous_nn_simplified", "loss_type": "mse", "use_correlated_H": true}}
