{"result": {"mmse": {"result": {"mmse": [[9.0, 0.022087291479110704], [10.0, 0.011164375940959537], [11.0, 0.004875417947769356], [12.0, 0.0017866663138075278], [13.0, 0.0005174966653193058], [14.0, 0.000123956203461284]], "model": [[9.0, 0.013273123900095607], [10.0, 0.005622502565384657], [11.0, 0.0020658353964490006], [12.0, 0.0007220828533179846], [13.0, 0.00027687231699635717], [14.0, 0.0001239605744683958]]}, "params": {"N": 64, "K": 16, "L": 10, "SNR_dB_min": 9.0, "SNR_dB_max": 14.0, "seed": 1, "batch_size": 5000, "modulation": "QAM_16", "correlation": false, "start_from": "", "data": false, "linear_name": "MMNet_iid", "denoiser_name": "MMNet"}}{"result": {"mmse": [[16.0, [16.0, 0.015616667270661133]], [17.0, [17.0, 0.007115623156230377]], [18.0, [18.0, 0.0026827009518933798]], [19.0, [19.0, 0.0008464562892923633]], [20.0, [20.0, 0.00019791483879061378]], [21.0, [21.0, 3.937562306699505e-05]]], "model": [[16.0, [16.0, 0.0126041674613947]], [17.0, [17.0, 0.0062554176648461635]], [18.0, [18.0, 0.0032658306757600286]], [19.0, [19.0, 0.0019862520694732266]], [20.0, [20.0, 0.0013833332061773396]], [21.0, [21.0, 0.0011516678333290953]]]}, "params": {"N": 64, "K": 16, "L": 10, "SNR_dB_min": 16.0, "SNR_dB_max": 21.0, "seed": 1, "batch_size": 5000, "modulation": "QAM_64", "correlation": false, "start_from": "", "data": false, "linear_name": "MMNet_iid", "denoiser_name": "MMNet"}}{"result": {"mmse": [[16.0, [16.0, 0.0157033320268003]], [17.0, [17.0, 0.0071197934945428365]], [18.0, [18.0, 0.002696040074030237]], [19.0, [19.0, 0.000849581559499657]], [20.0, [20.0, 0.00020770589510610282]], [21.0, [21.0, 3.1038920083936716e-05]]], "model": [[16.0, [16.0, 0.007993541558582673]], [17.0, [17.0, 0.0028808351357774153]], [18.0, [18.0, 0.0008735402425136263]], [19.0, [19.0, 0.00022978901863057732]], [20.0, [20.0, 6.375193595919981e-05]], [21.0, [21.0, 2.0414193469875386e-05]]]}, "params": {"N": 64, "K": 16, "L": 10, "SNR_dB_min": 16.0, "SNR_dB_max": 21.0, "seed": 1, "batch_size": 500, "modulation": "QAM_64", "correlation": false, "start_from": "", "data": false, "linear_name": "MMNet_iid", "denoiser_name": "MMNet"}}{"result": {"mmse": [[16.0, [16.0, 2.0821889219480028e-06]], [17.0, [17.0, -2.4424906541753444e-15]], [18.0, [18.0, -2.4424906541753444e-15]], [19.0, [19.0, -2.4424906541753444e-15]], [20.0, [20.0, -2.4424906541753444e-15]], [21.0, [21.0, -2.4424906541753444e-15]]], "model": [[16.0, [16.0, 6.456772484342288e-06]], [17.0, [17.0, 2.499421435264715e-06]], [18.0, [18.0, 1.4583269730694681e-06]], [19.0, [19.0, 6.246566747192261e-07]], [20.0, [20.0, 6.250540390828618e-07]], [21.0, [21.0, -2.4424906541753444e-15]]]}, "params": {"N": 64, "K": 16, "L": 10, "SNR_dB_min": 16.0, "SNR_dB_max": 21.0, "seed": 1, "batch_size": 500, "modulation": "QAM_16", "correlation": false, "start_from": "", "data": false, "linear_name": "MMNet_iid", "denoiser_name": "MMNet"}}{"result": {"mmse": [[16.0, [16.0, 2.0821889219480028e-06]], [17.0, [17.0, -2.4424906541753444e-15]], [18.0, [18.0, -2.4424906541753444e-15]], [19.0, [19.0, -2.4424906541753444e-15]], [20.0, [20.0, -2.4424906541753444e-15]], [21.0, [21.0, -2.4424906541753444e-15]]], "model": [[16.0, [16.0, 6.456772484342288e-06]], [17.0, [17.0, 2.499421435264715e-06]], [18.0, [18.0, 1.4583269730694681e-06]], [19.0, [19.0, 6.246566747192261e-07]], [20.0, [20.0, 6.250540390828618e-07]], [21.0, [21.0, -2.4424906541753444e-15]]]}, "params": {"N": 64, "K": 16, "L": 10, "SNR_dB_min": 16.0, "SNR_dB_max": 21.0, "seed": 1, "batch_size": 500, "modulation": "QAM_16", "correlation": false, "start_from": "", "data": false, "linear_name": "MMNet_iid", "denoiser_name": "MMNet"}}{"result": {"mmse": [[16.0, 2.0821889219480028e-06], [17.0, -2.4424906541753444e-15], [18.0, -2.4424906541753444e-15], [19.0, -2.4424906541753444e-15], [20.0, -2.4424906541753444e-15], [21.0, -2.4424906541753444e-15]], "model": [[16.0, 6.456772484342288e-06], [17.0, 2.499421435264715e-06], [18.0, 1.4583269730694681e-06], [19.0, 6.246566747192261e-07], [20.0, 6.250540390828618e-07], [21.0, -2.4424906541753444e-15]]}, "params": {"N": 64, "K": 16, "L": 10, "SNR_dB_min": 16.0, "SNR_dB_max": 21.0, "seed": 1, "batch_size": 500, "modulation": "QAM_16", "correlation": false, "start_from": "", "data": false, "linear_name": "MMNet_iid", "denoiser_name": "MMNet"}}{"result": {"mmse": [[16.0, -2.4424906541753444e-15], [17.0, -2.4424906541753444e-15], [18.0, -2.4424906541753444e-15], [19.0, -2.4424906541753444e-15], [20.0, -2.4424906541753444e-15], [21.0, -2.4424906541753444e-15]], "model": [[16.0, -2.4424906541753444e-15], [17.0, -2.4424906541753444e-15], [18.0, -2.4424906541753444e-15], [19.0, -2.4424906541753444e-15], [20.0, -2.4424906541753444e-15], [21.0, -2.4424906541753444e-15]]}, "params": {"N": 64, "K": 16, "L": 10, "SNR_dB_min": 16.0, "SNR_dB_max": 21.0, "seed": 1, "batch_size": 500, "modulation": "QAM_4", "correlation": false, "start_from": "", "data": false, "linear_name": "MMNet_iid", "denoiser_name": "MMNet"}}{"result": {"mmse": [[16.0, -2.4424906541753444e-15], [17.0, -2.4424906541753444e-15], [18.0, -2.4424906541753444e-15], [19.0, -2.4424906541753444e-15], [20.0, -2.4424906541753444e-15], [21.0, -2.4424906541753444e-15]], "model": [[16.0, -2.4424906541753444e-15], [17.0, -2.4424906541753444e-15], [18.0, -2.4424906541753444e-15], [19.0, 2.0821888990774085e-07], [20.0, -2.4424906541753444e-15], [21.0, -2.4424906541753444e-15]]}, "params": {"N": 64, "K": 16, "L": 10, "SNR_dB_min": 16.0, "SNR_dB_max": 21.0, "seed": 1, "batch_size": 500, "modulation": "QAM_4", "correlation": false, "start_from": "", "data": false, "linear_name": "MMNet_iid", "denoiser_name": "MMNet"}}{"result": {"mmse": [[16.0, -2.4424906541753444e-15], [17.0, -2.4424906541753444e-15], [18.0, -2.4424906541753444e-15], [19.0, -2.4424906541753444e-15], [20.0, -2.4424906541753444e-15], [21.0, -2.4424906541753444e-15]], "model": [[16.0, -2.4424906541753444e-15], [17.0, -2.4424906541753444e-15], [18.0, -2.4424906541753444e-15], [19.0, 2.0821888990774085e-07], [20.0, -2.4424906541753444e-15], [21.0, -2.4424906541753444e-15]]}, "params": {"N": 64, "K": 16, "L": 10, "SNR_dB_min": 16.0, "SNR_dB_max": 21.0, "seed": 1, "batch_size": 500, "modulation": "QAM_4", "correlation": false, "start_from": "", "data": false, "linear_name": "MMNet_iid", "denoiser_name": "MMNet"}}{"result": {"mmse": [[16.0, -2.4424906541753444e-15], [17.0, -2.4424906541753444e-15], [18.0, -2.4424906541753444e-15], [19.0, -2.4424906541753444e-15], [20.0, -2.4424906541753444e-15], [21.0, -2.4424906541753444e-15]], "model": [[16.0, -2.4424906541753444e-15], [17.0, -2.4424906541753444e-15], [18.0, -2.4424906541753444e-15], [19.0, 2.0821888990774085e-07], [20.0, -2.4424906541753444e-15], [21.0, -2.4424906541753444e-15]]}, "params": {"N": 64, "K": 16, "L": 10, "SNR_dB_min": 16.0, "SNR_dB_max": 21.0, "seed": 1, "batch_size": 500, "modulation": "QAM_4", "correlation": false, "start_from": "", "data": false, "linear_name": "MMNet_iid", "denoiser_name": "MMNet"}}{"result": {"mmse": [[16.0, -2.4424906541753444e-15], [17.0, -2.4424906541753444e-15], [18.0, -2.4424906541753444e-15], [19.0, -2.4424906541753444e-15], [20.0, -2.4424906541753444e-15], [21.0, -2.4424906541753444e-15]], "model": [[16.0, -2.4424906541753444e-15], [17.0, -2.4424906541753444e-15], [18.0, -2.4424906541753444e-15], [19.0, 2.0821888990774085e-07], [20.0, -2.4424906541753444e-15], [21.0, -2.4424906541753444e-15]]}, "params": {"N": 64, "K": 16, "L": 10, "SNR_dB_min": 16.0, "SNR_dB_max": 21.0, "seed": 1, "batch_size": 500, "modulation": "QAM_4", "correlation": false, "start_from": "", "data": false, "linear_name": "MMNet_iid", "denoiser_name": "MMNet"}}{"result": {"mmse": [[16.0, -2.4424906541753444e-15], [17.0, -2.4424906541753444e-15], [18.0, -2.4424906541753444e-15], [19.0, -2.4424906541753444e-15], [20.0, -2.4424906541753444e-15], [21.0, -2.4424906541753444e-15]],